323,-1,A Message Regarding the Recent Blackouts : Metal,http://www.reddit.com/r/Metal/comments/3byexd/a_message_regarding_the_recent_blackouts/
287,33,Be'Lakor - Abeyance [8:04] : Metal,https://www.youtube.com/watch?v=rYBgWgjjgxQ&feature=youtu.be&hd=1
253,44,Nekrogoblikon - We Need A Gimmick [OFFICIAL MUSIC VIDEO] : Metal,https://www.youtube.com/watch?v=1Q3ub1SUYfg
252,24,Celtic Frost - A Dying God Coming Into Human Flesh : Metal,https://www.youtube.com/watch?v=ZCztXuXAPqM
250,32,"ISIS - Not In Rivers, But In Drops : Metal",https://youtu.be/gX_J2mJjQS4
249,-1,What is your favorite song that is over 8 minutes? : Metal,http://www.reddit.com/r/Metal/comments/35y1aw/what_is_your_favorite_song_that_is_over_8_minutes/
221,15,Cynic - The Space For This : Metal,https://www.youtube.com/watch?v=gw-6IIBXNSQ
217,80,Ghost B.C. - Cirice [New] : Metal,https://www.youtube.com/watch?v=nT_xFoO3K9E
216,33,Down - Lifer - [4:36] : Metal,https://www.youtube.com/watch?v=LTDWAMUcNDc
204,31,Queensryche - Eyes Of A Stranger : Metal,https://www.youtube.com/watch?v=A4duZjxusGM
202,30,[Melodic death metal] DARK TRANQUILLITY - Lost to Apathy : Metal,https://www.youtube.com/watch?v=GZqfH1LQEOQ
200,126,Have at it y'all. Deafheaven - Brought to the Water : Metal,https://soundcloud.com/antirecords/deafheaven-brought-to-the-water
194,27,Insomnium- in the groves of death : Metal,https://www.youtube.com/watch?v=T4Dd5jx71Q0
175,18,Saor - Pillars of the Earth : Metal,https://youtu.be/ooEcGi3CmSs
168,17,"The New Panopticon Album, Entitled ""Autumn Eternal"", Is Set For Release On October 16th. : Metal",http://www.nocleansinging.com/2015/07/10/a-first-glimpse-of-panopticons-new-album-autumn-eternal/
168,74,Ghost - Cirice (Music Video) : Metal,http://youtu.be/-0Ao4t_fe0I
165,89,(Thrash/Black/Death) Celtic Frost- Circle of the Tyrants : Metal,https://www.youtube.com/watch?v=WvPY5BH38B8
165,-1,What's the most relaxing metal you've ever listened to? : Metal,http://www.reddit.com/r/Metal/comments/34szsy/whats_the_most_relaxing_metal_youve_ever_listened/
163,10,Type O Negative - September Sun [Gothic/Doom] : Metal,https://www.youtube.com/watch?v=kJhUs9PQvHs
160,72,Ghost - Con Clavi Con Dio : Metal,https://youtu.be/BUeWyuv-a-0
160,35,[Melodic death metal] At The Gates - Suicide Nation : Metal,https://www.youtube.com/watch?v=UEhHbwu9YQ4
156,11,Kyuss - Demon Cleaner : Metal,http://m.youtube.com/watch?v=_o8Qqfu1pwQ
150,16,Be'lakor - Countless Skies : Metal,https://youtu.be/eYaxAosBuro
145,45,The Faceless - Xenochrist : Metal,https://youtu.be/TPy6yN3WxtA
133,12,Dragged Into Sunlight - Widowmaker Part II : Metal,https://www.youtube.com/watch?v=n8no41kLrwk
133,-1,Shreddit's Top 3 of 2015 (1st Quarter Review) : Metal,http://www.reddit.com/r/Metal/comments/2z0eqc/shreddits_top_3_of_2015_1st_quarter_review/
132,57,Caladan Brood - Book Of The Fallen [Epic/Atmospheric Black Metal] : Metal,http://youtu.be/mjIu6ZoyUwg
128,76,Beyond Creation - Earthborn Evolution : Metal,http://youtu.be/EjH8RAJBBu0
126,34,Isis - Hym : Metal,https://www.youtube.com/watch?v=nQWv60AmVW8
123,32,"Mgła - Exercises in Futility II (from Exercises in Futility, new album out late summer) : Metal",https://www.youtube.com/watch?v=4fyhg0PZ87k&app=desktop
119,22,In Mourning - Colossus : Metal,https://www.youtube.com/attribution_link?a=MywJAw0MNZU&u=%2Fwatch%3Fv%3DIL2GD6SI9Cs%26list%3DPLfIrkT7GOqJGUEp86fggRUkyD6BnRwVQY%26feature%3Dshare
117,13,Ihsahn- And He Shall Walk In Empty Places [Avant-garde/black] : Metal,https://youtu.be/G6z-WGI_OF8
116,64,"Heavy metal makes you calmer, say researchers : Metal",http://www.skynews.com.au/culture/offbeat/2015/06/19/heavy-metal-makes-you-calmer--say-researchers.html
112,36,Immortal - Storming Through Red Clouds And Holocaustwinds : Metal,https://www.youtube.com/watch?v=TlbDY0HSeJM
111,20,Winterfylleth - The Threnody Of Triumph [ATMOSPHERIC BLACK] : Metal,https://www.youtube.com/watch?v=bhELpi5cBgw&feature=youtu.be
111,18,Inquisition - Command of The Dark Crown [Black Metal] : Metal,https://youtu.be/mu0UfDmJYEY
110,13,"Enslaved- ""One Thousand Years of Rain"" : Metal",https://www.youtube.com/watch?v=uB2eov1tCUA
109,10,[Doom] Pallbearer - Fear And Fury : Metal,https://www.youtube.com/watch?v=wSsPni17jeI
106,14,At the Gates - Kingdom Gone : Metal,https://www.youtube.com/watch?v=z30kK5TpnFU
105,16,Melechesh - The Palm the Eye and Lapis Lazuli : Metal,https://www.youtube.com/watch?v=gb7QveJoteM
105,7,Demons & Wizards - Crimson King : Metal,https://www.youtube.com/watch?v=rAifTNcgYyc
105,22,ENSLAVED - The Watcher : Metal,https://www.youtube.com/watch?v=CGOHk2J4jV4
100,12,Insomnium - Disengagement [8:40] : Metal,https://www.youtube.com/watch?v=LtMGhztsDWI
100,1,"Dragged Into Sunlight - I, Aurora : Metal",https://www.youtube.com/watch?v=-fIDSDShFWg
97,23,Solstafir-Fans should read this ! : Metal,https://solstafirofficial.wordpress.com/2015/06/03/statement-about-my-forced-absence-from-solstafir/
97,14,Darkspace - Dark 4.20 : Metal,https://www.youtube.com/watch?v=bHO-tXjkXVs
96,16,Until The Light Takes Us (Full Black Metal Documentary) : BlackMetal,https://www.youtube.com/watch?v=0l5Hbu_Fm9s
92,12,Katatonia - Dispossession : Metal,https://www.youtube.com/watch?v=C66QYYdN9F0
91,7,At the Gates - Under A Serpent Sun [Melodic Death] : Metal,https://www.youtube.com/watch?v=dQt8RyGihu4
86,14,{Epic Folk Metal} Wilderun - The Faintest Echo (Ash Memory Part IV) : Metal,https://www.youtube.com/watch?v=v097sJM8vRs
86,13,Dodecahedron - Allfather (Black/Avant-garde) : Metal,https://www.youtube.com/watch?v=ltQIR2Wh5hU
84,5,Moonsorrow - Kylan Paassa : Metal,https://www.youtube.com/watch?v=pVViqpdZukY
84,-1,"Oh, Hellas! A restrospective of the Greek black metal scene : Metal",http://www.reddit.com/r/Metal/comments/2y4wwq/oh_hellas_a_restrospective_of_the_greek_black/
84,10,Ulver - Capitel I: I Troldskog Faren Vild : Metal,https://www.youtube.com/watch?v=IFLUecKDzjQ
81,4,[Prog Tech Death] Beyond Creation - Fundamental Process (Official Music Video) : Metal,https://youtu.be/1aM8XoWZeq8
81,5,Ash Borer - Phantoms : Metal,https://www.youtube.com/attribution_link?a=0qLcD6QXvI0&u=%2Fwatch%3Fv%3DB9ZxX1aN4gc%26feature%3Dshare
80,41,Ghost - From The Pinnacle To The Pit (studio version) from the new album Meliora : Metal,https://www.youtube.com/watch?v=cK-jCHa-ApQ
79,13,Abyssal - *inhales deeply* Delere Auctorem Rerum Ut Universum Infinitum Noscas : Metal,https://profoundlorerecords.bandcamp.com/track/delere-auctorem-rerum-ut-universum-infinitum-noscas
79,4,Nekrogoblikon - We've Had Enough [NEW SONG] : Metal,https://www.youtube.com/watch?v=4Sx5xOQpzB8
78,13,Insomnium - Down With the Sun : Metal,https://youtu.be/3yY6R_1MXd0
74,4,Drudkh - Sunwheel : BlackMetal,https://www.youtube.com/watch?v=S7PLhhb0Mls
74,-1,Poseurs: A Frightening Introspective : Metal,http://www.reddit.com/r/Metal/comments/32rhhj/poseurs_a_frightening_introspective/
73,10,Woods Of Desolation - Woods Of Desolation : Metal,https://www.youtube.com/watch?v=xxxtJPlOdg4
73,12,Belphegor - Bondage Goat Zombie : Metal,https://www.youtube.com/watch?v=95DAtkUl3Ow
73,18,Anaal Nathrakh - Forging Towards the Sunset : Metal,https://www.youtube.com/watch?v=aHQysdvxE1k
72,4,Gorguts - Nostalgia : Metal,https://www.youtube.com/watch?v=jnV62xxrL_A&app=desktop
71,65,Al-Namrood - Atba'a Al-Namrood/أتباع النمرود : Metal,https://www.youtube.com/watch?v=gtOYL4cqg2A
71,11,Watain - Waters of Ain : Metal,https://m.youtube.com/watch?v=5rswT58Jfc4
70,19,Weakling - Cut Their Grain and Place Fire Therein : BlackMetal,https://www.youtube.com/watch?v=L2A1Ohp4DbE
67,8,Edge of Sanity - Silent : Metal,https://www.youtube.com/watch?v=AGb0F7JoV9k
67,4,"""Ayreon - The Sixth Extinction"" - C'est incroyable : Metal",https://www.youtube.com/watch?v=7A5MNE3tdCc&hd=1
66,3,Ahab - The Sermon : Metal,https://www.youtube.com/watch?v=OfPw9pWhYO8
65,15,[Black/Doom] Dragged Into Sunlight - Lashed to the grinder and stoned to death : Metal,https://www.youtube.com/watch?v=PLy46B7KNn4
64,33,Mgła - Exercises in Futility II [Poland] (2015) : BlackMetal,https://www.youtube.com/watch?v=4fyhg0PZ87k
64,10,"Weekend is over, back to work you bums!! Darkthrone - I am the Working Class : Metal",https://www.youtube.com/watch?v=xmcyN01sK8w
63,-1,[WHYBLT?] What Have You Been Listening To? : Metal,http://www.reddit.com/r/Metal/comments/2vizv6/whyblt_what_have_you_been_listening_to/
63,13,Teitanblood - Purging Tongues : Metal,https://www.youtube.com/watch?v=PzgKvRp5yso
62,9,Scar Symmetry - Ghost Prototype I - Measurement of Thought : Metal,https://youtu.be/GKnyvtzMRRA
62,5,Sargeist - Let The Devil In : BlackMetal,https://www.youtube.com/watch?v=ZFp687ZESpY
62,-1,[WHYBLT?] What Have You Been Listening To? : Metal,http://www.reddit.com/r/Metal/comments/38cp3r/whyblt_what_have_you_been_listening_to/
62,19,Vattnet Viskar - Settler (New Song) : Metal,https://www.youtube.com/watch?v=zrFxKXtkPfw
62,5,Ahab - Antarctica The Polymorphess : Metal,https://www.youtube.com/watch?v=WETwWI2CySU
62,12,[Black] Inquisition - Command of The Dark Crown : Metal,https://www.youtube.com/watch?v=mu0UfDmJYEY
62,8,[Tech Death/Jazz-Fusion] Cynic - Adam's Murmur : Metal,https://www.youtube.com/watch?v=OQivkZJaoq0
61,15,Black Crown Initiate - A Great Mistake : Metal,https://m.youtube.com/watch?v=yFo31jP5PDE
61,-1,[WHYBLT?] What Have You Been Listening To? : Metal,http://www.reddit.com/r/Metal/comments/31ux0r/whyblt_what_have_you_been_listening_to/
61,-1,"[Metal Shower Thought] The ""WEHT!"" in Black Metal is equivalent to the ""Yeah!"" in Rock and Roll. : Metal",http://www.reddit.com/r/Metal/comments/2zl5c9/metal_shower_thought_the_weht_in_black_metal_is/
60,3,Primordial - Empire Falls : Metal,https://www.youtube.com/watch?v=3ex1z3g9JXU
60,13,[Black] Inquisition - Joined By Dark Matter Repelled By Dark Energy : Metal,https://www.youtube.com/watch?v=D__PtynbzUE
59,16,Nokturnal Mortum - Ukraine : Metal,https://youtu.be/Eh9OJOx48GE
58,58,Deafheaven - Brought to the Water : BlackMetal,https://soundcloud.com/antirecords/deafheaven-brought-to-the-water?utm_source=soundcloud&utm_campaign=share&utm_medium=facebook
58,7,Dark Tranquillity - Lethe : Metal,https://youtu.be/453K_J_4gTI
58,0,Deathspell Omega - The Repellent Scars of Abandon and Election : Metal,http://youtu.be/nVVNYON8OSw
58,25,New Radio Fenriz - Cult Metal 2 : Metal,https://soundcloud.com/heavytassen/radio-fenriz-cult-metal-2
58,10,Melechesh - Enki (Official Album Stream) : Metal,http://www.youtube.com/watch?v=SlJxwlk4vhA
57,8,Absu - An Equinox of Fathomless Disheartenment : Metal,https://www.youtube.com/watch?v=fueWIesf2CY
57,22,Bölzer - Entranced By The Wolfshook : Metal,https://www.youtube.com/watch?v=BXkP4WS8Y_Y
57,6,Leviathan - At The Door To The Tenth Sub Level Of Suicide : BlackMetal,https://www.youtube.com/watch?v=m9kNSfu8LCM
57,19,[Depressive] Lifelover - Myspys : BlackMetal,https://www.youtube.com/watch?v=mygIU9tzrP0
57,9,Eucharist - Mirrorworld : Metal,https://www.youtube.com/watch?v=E8C9Ci-qS8s
57,1,Celtic Frost - Domain of Decay : Metal,https://www.youtube.com/watch?v=VFr6ShuusEQ
57,12,Antediluvian - ...Through The Cervix Of Hawaah : Metal,https://www.youtube.com/watch?v=8rE33XPP6Mw
57,0,Cirith Ungol - King Of The Dead : Metal,https://www.youtube.com/watch?v=8Y6ajTP3wWc
56,14,"Ne Obliviscaris - Curator (Painters of the Tempest Part II, Movement III) : Metal",https://www.youtube.com/watch?v=Rc7DaJqn5Hg
56,7,Mgła - With Hearts Toward None VI [Black Metal] : Metal,https://youtube.com/watch?v=0Ldc343hdg0
56,8,"Cult of Fire - Triumvirát [Czech Republic, 2012] : Metal",https://www.youtube.com/watch?v=9L_6fvZVGwE
55,14,"[Melodeath] Omnium Gatherum - ""Skyline"" - Track from Upcoming Album : Metal",https://www.youtube.com/watch?feature=youtu.be&v=4SIo0VA2lFQ&app=desktop
55,9,[Progressive Black] Deathspell Omega - Fiery Serpents : Metal,https://www.youtube.com/watch?v=-6Agvhu6t5A
54,6,"[NEW RELEASE] Iskra - Ruins [Black metal from Victoria, Canada. Full album stream] : Metal",https://iskracrust.bandcamp.com/album/ruins
54,5,[Progressive] Ayreon - Into the Black Hole : Metal,https://m.youtube.com/watch?v=AwHiidgZqHQ
53,13,Asphyx - Asphyx (Forgotten War) : Metal,https://www.youtube.com/watch?v=XiMUjZPa4Sg
53,-1,I just had the Crimson experience (Edge of Sanity). I am floored. : Metal,http://www.reddit.com/r/Metal/comments/38vrtl/i_just_had_the_crimson_experience_edge_of_sanity/
53,8,[TRVE KVLTHVLHV] Sulphur Aeon - Cthulhu Rites : Metal,http://www.youtube.com/watch?v=Sz4MDpg18eU&sns=em
53,10,Mgla - With Hearts Toward None III : Metal,https://www.youtube.com/watch?v=QcqC4jtrR9Y&itct=CDgQpDAYAiITCMCo9Yb--MQCFQJVvgodUS0A-FIXd2l0aCBoZWFydCB0b3dhcmRzIG5vbmU%3D&hl=en-GB&client=mv-google&gl=IN
51,0,Ulcerate - Burning Skies [Death] : Metal,https://www.youtube.com/watch?v=Nw7tFKyOfcE
51,37,The biggest Metal festival of France got vandalized by christian extremists (article in French) : Metal,http://www.ouest-france.fr/le-site-du-hellfest-ete-vandalise-clisson-3374944
51,-1,[REC CENTER] Shreddit's Official Recommendation Thread [2/4] : Metal,http://www.reddit.com/r/Metal/comments/2uqu03/rec_center_shreddits_official_recommendation/
50,1,Blut Aus Nord - The Plain of Ida : Metal,https://youtu.be/wWTkJXl-K_I
50,3,Old Man's Child - Plague of Sorrow : Metal,https://www.youtube.com/watch?v=oUSadz0-Qok
50,14,Paysage d'Hiver - Offenbarung : BlackMetal,https://youtu.be/Hk6WAptENIU
49,13,[Death] Sulphur Aeon - Devotion to the Cosmic Chaos : Metal,https://www.youtube.com/watch?v=PmKJ9ORXvNM
49,1,Diocletian - Antichrist Hammerfist : Metal,https://www.youtube.com/watch?v=XE2vUrS5TRw&feature=youtu.be
49,-1,[REC CENTER] Shreddit's Official Recommendation Thread [3/18] : Metal,http://www.reddit.com/r/Metal/comments/2zgfsw/rec_center_shreddits_official_recommendation/
48,0,Ihsahn - Heavens Black Sea : Metal,http://www.youtube.com/watch?v=0tqgA4E67Oc
48,0,Masters Hammer- Ritual : Metal,https://www.youtube.com/watch?v=sslIiUZCLTY
48,3,Ulver - Hymn IV: Of Wolf And Man : Metal,https://www.youtube.com/watch?v=4tlMsv-f0wQ
48,3,[Black] Deathspell Omega - A Chore for the Lost : Metal,http://www.youtube.com/watch?v=WayVS0gnBNc
48,-1,[WHYBLT?] What Have You Been Listening To? : Metal,http://www.reddit.com/r/Metal/comments/33gl62/whyblt_what_have_you_been_listening_to/
47,1,Craft - Terror Propaganda : BlackMetal,https://youtu.be/n_JMcfibmfA
47,6,Thantifaxath - Violently Expanding Nothing [Atmospheric Black Metal from Canada] : Metal,http://darkdescentrecords.bandcamp.com/track/violently-expanding-nothing
47,4,Windir - Svartesmeden og Lundamyrstrollet : BlackMetal,https://www.youtube.com/watch?v=pz-UA6rjQ8Q
47,0,Winterfylleth - A Careworn Heart : Metal,https://www.youtube.com/watch?v=9eomkOHjzJ8
47,8,(Black/Viking) Enslaved- As Fire Swept Clean the Earth : Metal,https://www.youtube.com/watch?v=HGs28oh-_w0
46,5,[Depressive] Xasthur - In The Hate Of Battle : BlackMetal,https://www.youtube.com/watch?v=pumpsmfQTBM
46,9,Drudkh - Furrows Of Gods : BlackMetal,https://www.youtube.com/watch?v=hpeDAzObjDw
46,-1,Best metal albums of the past 5 years? : Metal,http://www.reddit.com/r/Metal/comments/3982xz/best_metal_albums_of_the_past_5_years/
46,3,Radio Fenriz: Episode Two. : Metal,https://soundcloud.com/heavytassen/01-radio-fenriz-two-may-2015?in=heavytassen%2Fsets%2Fradio-fenriz-two
46,3,Abyssal - The Headless Serpent [Black/Death] : Metal,https://www.youtube.com/watch?v=_jRcGOCwB6c
45,12,Blut Aus Nord - The Cosmic Echoes of Non-Matter (Immaterial Voices of the Fathers) : BlackMetal,https://www.youtube.com/watch?v=PvEAT2hiB_g
45,20,[Black] Triptykon - Boleskine house {This album is probably the saddest most depressing album I've ever heard} : Metal,https://www.youtube.com/watch?v=QOGF5LCiQi0
45,1,Moonsorrow - Raunioilla (At The Ruins) : Metal,https://www.youtube.com/watch?v=HtEIb6sX6Xs
45,2,Nekrogoblikon - Prince of the Land of Stench : Metal,https://www.youtube.com/watch?v=E1VJFXA65v0
45,-1,[WHYBLT?] What Have You Been Listening To? : Metal,http://www.reddit.com/r/Metal/comments/36lzq0/whyblt_what_have_you_been_listening_to/
45,3,Leviathan - Gardens of Coprolite : BlackMetal,https://www.youtube.com/watch?v=oTChUKHxqUk
44,7,[SATAN SVNDAY]Inquisition - Eternal Loyalty To Our Lord Satan : Metal,https://www.youtube.com/watch?v=c_IsKbRDPpA
44,14,"Lurker Of Chalice - ""Piercing Where They Might"" : BlackMetal",https://www.youtube.com/watch?v=-1VISLfRDfg
44,-1,What is Post-Black Metal? : Metal,http://www.reddit.com/r/Metal/comments/34h1br/what_is_postblack_metal/
43,3,Coldworld - A Dream Of A Dead Sun : BlackMetal,https://www.youtube.com/watch?v=NB5N5f74pHY
43,1,Enslaved - Urtical Gods : Metal,https://www.youtube.com/watch?v=1ZsJNALnIKI
43,3,Winterfylleth - 'The Swart Raven' : BlackMetal,https://candlelightrecordsuk.bandcamp.com/track/the-swart-raven
43,0,Winterfylleth - Whisper Of The Elements : Metal,http://www.youtube.com/watch?v=M0Hi6g98JXg
43,8,[Black] Der Weg Einer Freiheit - Einkehr : Metal,https://youtu.be/s_PYJYTicbE
43,1,Celtic Frost - Dethroned Emperor : Metal,https://www.youtube.com/watch?v=U58x3FtAEeI&feature=share
43,17,Deafheaven - Libertine Dissolves [Post-black metal] : Metal,http://youtu.be/OiPO0x2yw-k
42,-1,Appreciating the nihil... Black metal may have saved my life : BlackMetal,http://www.reddit.com/r/BlackMetal/comments/3g8ko7/appreciating_the_nihil_black_metal_may_have_saved/
42,6,Panopticon: The Long Road Part 3 -The Sigh Of Summer : Metal,https://www.youtube.com/watch?v=VSfW0AMvQPQ
42,2,Bathory - The Lake : Metal,https://youtu.be/yCUx5WKIZ1E
42,27,[Album of the Year sounding] Marduk - Rope of Regret : Metal,https://www.youtube.com/watch?v=rrhH1JQPBfg
42,3,Cult of Luna - I: The Weapon : Metal,https://www.youtube.com/watch?v=qkHSvwKgJQA
42,32,Can someone run me through the different waves of black metal and what changed in each wave? : Metal,http://www.reddit.com/r/Metal/comments/33h8ij/can_someone_run_me_through_the_different_waves_of/
41,-1,New Releases This Week - 7/11 - 7/17 : Metal,http://www.reddit.com/r/Metal/comments/3cwsh0/new_releases_this_week_711_717/
41,10,Dragged Into Sunlight - Buried With Leeches : Metal,https://www.youtube.com/watch?v=yedkKccl2wc
41,0,[Atmospheric Black Metal] Woods of Desolation - The Leaden Sky Torn (+Intro) : Metal,https://www.youtube.com/watch?v=rawR0GQb5wY
40,1,Blut Aus Nord - Disciple's Libration (Lost In The Nine Worlds) : Metal,http://www.youtube.com/watch?v=5x6CdiR0mYQ
40,2,Leviathan - Fucking Your Ghost In Chains Of Ice : Metal,http://www.youtube.com/watch?v=nSLwTDUzHo4
39,5,"[SWEDENESDAY] Lustre - They Awoke to the Scent of Spring (Part 2) [Ambient, Atmospheric] : Metal",https://www.youtube.com/watch?v=kcEMZMqhIcs
39,1,[Post Metal] Lantlôs - Melting Sun IV: Jade Fields : Metal,https://www.youtube.com/watch?v=aB2n3SH6ibI
39,4,Falls of Rauros - The Light That Dwells In Rotten Wood : BlackMetal,https://www.youtube.com/watch?v=ax7qTj0aA9A
39,0,The Ruins Of Beverast - Daemon : BlackMetal,https://www.youtube.com/watch?v=vYfGnMEfgqE
39,6,Ash Borer - Removed Forms : Metal,https://www.youtube.com/watch?v=B3KeDf8y29E
39,3,Altar of Plagues - 'All Life Converges to Some Center' : BlackMetal,https://profoundlorerecords.bandcamp.com/track/all-life-converges-to-some-center
39,1,Absu - Disembodied [Pre-Black/Thrash Absu] : Metal,https://www.youtube.com/watch?v=ulN8DYbZ6mQ
38,0,[Black] Panopticon - The Echoes of A Disharmonic Evensong : Metal,https://www.youtube.com/watch?v=SjQjWdXGeeA
38,5,SIG:AR:TYR - Beyond The North Winds [Slightly odd black folk] : Metal,https://www.youtube.com/watch?v=abM9XcOGg5U
38,1,New Drudkh track - 'Cursed Sons II' : BlackMetal,http://www.terrorizer.com/news/drudkh-premiere-new-track-cursed-sons-ii
38,12,[Black] Leviathan - Fucking Your Ghost In Chains Of Ice : Metal,https://www.youtube.com/watch?v=KEa-BLBJluM
38,0,Mgła - Further Down The Nest I : Metal,https://www.youtube.com/watch?v=fquZYigxckw
37,14,"[Epic Black] Cult of Fire - काली मां ""Kali Ma"" : Metal",https://youtu.be/ulY1FwLxI8o?list=LLNzN9KogFPqk59Ky2iGb-zA&t=19m25s
37,7,Gallowbraid - Stone of Remembrance [USBM folk/melodic/atmospheric] : BlackMetal,https://www.youtube.com/watch?v=OmH21iNjfAE
37,5,Primordial - Gallows Hymn : Metal,http://open.spotify.com/track/4xNvOGQszKdnH1gGhytLzZ
37,5,[Black Metal] Harakiri For The Sky - Burning From Both Ends Feat. Torsten (Agrypnie) : Metal,https://www.youtube.com/watch?v=u2vCZb7iMXg
37,0,GNAW THEIR TONGUES - Lash Cultus : Metal,https://www.youtube.com/watch?v=5fr00-Fs_p8
37,16,AKHLYS - The Dreaming I (Project of Naas Alcameth of Nightbringer) : BlackMetal,https://dmp666.bandcamp.com/album/the-dreaming-i
36,14,"Blut Aus Nord - Tellus Mater, off the best black metal album I've ever heard. : BlackMetal",https://www.youtube.com/watch?v=VJXV3kIeOcQ
36,7,[NOT DEAFHEAVEN] Baxaxaxa - Church of The Anti-Christ : BlackMetal,https://www.youtube.com/watch?v=v4dOgS7_WDY
36,1,Insomnium - Dying Chant : Metal,https://www.youtube.com/watch?v=NaaZHMJMLaw
36,12,[New Release] Krallice - Ygg hurr : Metal,http://krallice.bandcamp.com/album/ygg-huur
36,2,[BLACK] Carpathian Forest - Ancient Spirit of the Underworld : Metal,http://www.youtube.com/watch?v=pSj0TY4mk4I
36,4,Anaal Nathrakh - Monstrum In Animo : Metal,https://www.youtube.com/watch?v=dO8NI7M_I-M
36,-1,Crono101 comments on [REC CENTER] Shreddit's Official Recommendation Thread [10/15],http://www.reddit.com/r/Metal/comments/2jb2su/rec_center_shreddits_official_recommendation/
36,9,Wolves in the Throne Room - Vastness and Sorrow : Metal,https://www.youtube.com/watch?v=QofJsjCti74
36,5,Drudkh - Cursed Sons II (New Track Premiere via Terrorizer) : Metal,http://www.terrorizer.com/news/drudkh-premiere-new-track-cursed-sons-ii
35,17,Lustre - They Awoke to the Scent of Spring (2012) : BlackMetal,https://www.youtube.com/watch?v=UmV9sqIdzhY
35,9,[Technical Death] Archspire - Fathom Infinite Depth : Metal,http://www.youtube.com/watch?v=8UzSHCdmStE
35,1,Satanic Warmaster - My Kingdom Of Darkness : BlackMetal,https://www.youtube.com/watch?v=_gB8I6Oi8MQ
35,7,VATTNET VISKAR - Colony (New Track) : Metal,https://youtu.be/0wK0WR3IFwk
35,-1,[REC CENTER] Shreddit's Official Recommendation Thread [4/15] : Metal,http://www.reddit.com/r/Metal/comments/32o867/rec_center_shreddits_official_recommendation/
34,1,Warning - Watching From a Distance : Metal,https://www.youtube.com/watch?v=2FMr61LyEV0
34,5,[Folk] Tengger Cavalry (铁骑) - Tengger Cavalry - 2015 : Metal,https://www.youtube.com/watch?v=9kaKdzDwkwc
34,0,Mgła - Power and Will III : BlackMetal,https://www.youtube.com/watch?v=H3yvZYOXCNE
34,0,Make A Change... Kill Yourself - Du Er Alene [DSBM] : Metal,https://youtube.com/watch?v=kPifgIOzX08
33,4,Deathspell Omega - III : BlackMetal,https://www.youtube.com/watch?v=xDAUuaWhYGY
33,9,Celeste - Ces Belles de Rêve aux Verres Embués : BlackMetal,http://celestes.bandcamp.com/track/ces-belles-de-r-ve-aux-verres-embu-s
33,2,[Black/Extreme] Melechesh - Secrets of the Sumerian Sphynxnology : Metal,https://youtu.be/YD9OSSwLvB8
33,3,Dodecahedron - Allfather : Metal,https://www.youtube.com/watch?v=1LyA7OZ7FkQ
33,9,Rotting Christ - Exiled Archangels : Metal,https://www.youtube.com/watch?v=F55-4TqiSv0
33,1,Leviathan - My War (Black Flag cover) : BlackMetal,https://www.youtube.com/watch?v=8j-wE0Mg0GA
33,0,Hoth - Unending Power : Metal,http://youtu.be/7pX-k2sv5QY
33,5,{Death} Nile - Lashed to the Slave Stick {One of my fav DM albums of the 2000s} : Metal,https://www.youtube.com/watch?v=ZD3dimKaJtA
33,2,[Atmospheric Black] Mare Cognitum - Entropic Hallucinations : Metal,https://marecognitum.bandcamp.com/track/entropic-hallucinations
32,-1,"In your opinion, which Black Metal vocalist has the most intolerable vocals? : BlackMetal",http://www.reddit.com/r/BlackMetal/comments/3ega16/in_your_opinion_which_black_metal_vocalist_has/
32,2,A Forest of Stars - Raven's Eye View [Psychedelic Black Metal] : Metal,https://youtu.be/l8lMMJSn1m0
32,0,Lantlôs - These Nights Were Ours : Metal,https://www.youtube.com/watch?v=yFZ0l_x3FLY
32,5,[Death/Progressive] Scar Symmetry - Ghost Protocol II - Deus Ex Machina : Metal,https://www.youtube.com/watch?v=Z5aB9bW5B00
32,0,Clandestine Blaze - Call Of The Warrior : Metal,https://www.youtube.com/watch?v=QlJ6mlHnTP0
32,1,[HAPPY EASTER] Inquisition - Imperial Hymn for Our Master Satan : Metal,https://www.youtube.com/watch?v=kZF802OUo8A
32,4,The Great Old Ones - The Elder Things [Experimental/Atmospheric Black Metal] : Metal,https://youtu.be/HOzFnwLpnag
32,1,[Black] Thantifaxath - Lost in Static Between Worlds : Metal,http://darkdescentrecords.bandcamp.com/track/lost-in-static-between-worlds
32,1,Ash Borer - Convict All Flesh [Atmospheric Black Metal] - [18:09] : Metal,https://youtu.be/0RAFwiRAY5A
32,4,[Fresh] Drudkh - 2015 - A Furrow Cut Short (Album Stream) : Metal,http://steelforbrains.com/post/117008781472/now-screaming-review-and-full-album-stream-of
32,1,Drudkh - Glare Of Autumn : BlackMetal,https://www.youtube.com/watch?v=6BG0TmO5nJ4
31,21,Lluvia - Eternidad Solemne [Bandcamp; Name Your Price] : Metal,https://lluvia.bandcamp.com/
31,3,[Black] Misþyrming- Söngur heiftar : Metal,https://misthyrming.bandcamp.com/track/s-ngur-heiftar
31,2,"Throne Of Katarsis - The Holy Remains The Weak [Norway, 2011, Black Metal] : Metal",https://www.youtube.com/watch?v=-0FSR1lz-yo
31,16,"New Myrkur track ""Hævnen"" : BlackMetal",http://myrkur.bandcamp.com/album/m
31,45,Triptykon - Demon Pact : Metal,https://www.youtube.com/watch?v=N3wc3CtU1II
30,3,LifeLover - MS Salmonella : Metal,https://www.youtube.com/watch?v=pcxUolK2uGk
30,-1,New Releases This Week - 7/18 - 7/24 : Metal,http://www.reddit.com/r/Metal/comments/3dqkwj/new_releases_this_week_718_724/
30,1,Svartidauði - Temple of Deformation : Metal,https://www.youtube.com/watch?v=ZvPZlEw59hw
30,2,Gris - Veux-tu Danser? : BlackMetal,https://www.youtube.com/watch?v=CkKUm1ExJe0
30,9,False - Hedgecraft | Gilead Media : BlackMetal,https://gileadmedia.bandcamp.com/track/hedgecraft
30,4,Drudkh - Tam Gdzie Gasnie Dzien... (Sacrilegium Cover) (2014) : BlackMetal,https://youtu.be/AZ86KK12zsg
30,2,Sacramentum - Blood Shall Be Spilled : BlackMetal,https://www.youtube.com/watch?v=npdSlcrMQX8
30,18,Noisem - Cascade of Scars (FFO: LISTEN TO IT) : Metal,https://www.youtube.com/watch?v=9VZ8-DuXy7s
30,-1,"[UNOFFICIAL] Divided by genre, what are everybodies favourite releases this year? : Metal",http://www.reddit.com/r/Metal/comments/2ojnso/unofficial_divided_by_genre_what_are_everybodies/
30,0,Drudkh - To the Epoch of Unbowed Poets (2015) [Atmospheric Black Metal] : Metal,http://youtu.be/30kBNGXCcQs
29,19,Radio Fenriz #5 now up! : Metal,https://soundcloud.com/heavytassen/radio-fenriz-5-2015
29,5,Drudkh - A Furrow Cut Short : BlackMetal,http://lastrit.es/reviews/8576/drudkh-a-furrow-cut-short
29,0,Katatonia - Criminals : Metal,https://www.youtube.com/watch?v=AS9gbSENi9U
29,0,Xasthur - Walker Of Dissonant Worlds : Metal,https://www.youtube.com/watch?v=kU0pOmzj70o
29,5,The Ruins Of Beverast - Daemon : Metal,https://www.youtube.com/watch?v=vYfGnMEfgqE
29,0,[Black]1349 - Mengele's : Metal,http://youtu.be/gBYDI7YkQIo
29,3,In the Woods... - Wotan's Return : Metal,https://www.youtube.com/watch?v=DOgKCNZOWzc
28,2,Wodensthrone - Heófungtid : BlackMetal,https://www.youtube.com/watch?v=5WebSwmgvzk
28,10,Cultes Des Ghoules - The Rise of Lucifer : Metal,https://www.youtube.com/watch?v=7fIgRyIynf4
28,4,[Melodic Black] Illnath - Behind the Mirrors : Metal,https://www.youtube.com/watch?v=zE8sssWskhc
28,3,Altar of Plagues - Burnt Year : Metal,https://www.youtube.com/watch?v=Bz-t2b8CqFg
28,0,Blut aus Nord - 'Paien' : BlackMetal,https://dmp666.bandcamp.com/track/paien
28,7,"Bosse-De-Nage - ""At Night"" : Metal",https://profoundlorerecords.bandcamp.com/track/at-night
27,-1,New Releases This Week - 7/4 - 7/10 : Metal,http://www.reddit.com/r/Metal/comments/3c3z5d/new_releases_this_week_74_710/
27,0,Silencer - The Slow Kill in the Cold : BlackMetal,https://m.youtube.com/watch?v=evgoWqr6kpw
27,0,Malthusian - Hallucinogen : BlackMetal,https://youtu.be/x7sGfn30P9o
27,3,Sacramentum - Cries From a Restless Soul [black] : Metal,http://www.youtube.com/watch?v=W1YXIdfwX9U
27,-1,New Releases This Week - 6/27 - 7/3 : Metal,http://www.reddit.com/r/Metal/comments/3bay76/new_releases_this_week_627_73/
27,-1,New Releases This Week - 6/6 - 6/12 : Metal,http://www.reddit.com/r/Metal/comments/38sv9q/new_releases_this_week_66_612/
27,6,embarrassed for this to be me first post on r/BlackMetal but I'm amping on this tune currently and dying to share it with someone. sorry : BlackMetal,https://i-voidhangerrecords.bandcamp.com/track/hunter-of-the-celestial-sea
27,3,Psychonaut 4 - My despair can't be explained [DSBM from Georgia] : BlackMetal,https://www.youtube.com/watch?v=fnm2PozOWqg
27,2,Leviathan - Within Thrall : Metal,https://www.youtube.com/watch?v=-QKswuIfgqA
27,1,Ifing - The Stream [Black/Folk] : Metal,https://www.youtube.com/watch?v=bKwwa4LdxCU
26,7,"Judas Iscariot - The Wind Stands Silent [USA, 1998, FFO: Darkthrone, lo-fi BM] : Metal",https://www.youtube.com/watch?v=cUhl2s5eVFc
26,8,"[Avant-Garde Black Metal] Dodecahedron - I, Chronocrator : BlackMetal",https://www.youtube.com/watch?v=vspWVrMy8CE
26,-1,"Triptykon - ""Into Despair"" : Metal",http://www.reddit.com/r/Metal/comments/38uffm/triptykon_into_despair/
26,-1,WHat's your favorite 2015 release so far? : BlackMetal,http://www.reddit.com/r/BlackMetal/comments/37lmss/whats_your_favorite_2015_release_so_far/
26,2,Vattnet Viskar - Yearn (New Track) : Metal,https://youtu.be/P9ihRnmY4pA
26,9,"Forefather - By My Lord I Will Lie [FFO: Riffs, England, Fenriz-esque speed metal highs] : Metal",https://www.youtube.com/watch?v=8yJv14vk4jc
26,3,Sulphur Aeon - To Drown This World : Metal,https://www.youtube.com/watch?v=3W9aaoK2_qQ
26,10,"Black Witchery- Antichrist Order of Holy Death [FFO: Blasphemy, Archgoat, Morbosidad, raw aggression] : Metal",https://www.youtube.com/watch?v=0hfqQKPjtFQ
26,-1,New Releases This Week - 4/11 - 4/17 : Metal,http://www.reddit.com/r/Metal/comments/3284dn/new_releases_this_week_411_417/
26,2,"Aquilus - The Fawn. Seriously, one the most brilliant and original albums I've heard in a very long while. : Metal",https://youtu.be/4GnwheJLtcs
25,3,Abyssal - Antikatastaseis album stream : BlackMetal,https://profoundlorerecords.bandcamp.com/album/antikatastaseis
25,6,Negură Bunget - De Piatră : BlackMetal,https://www.youtube.com/watch?v=UWTcwp6dXMw
25,0,[Swanö] Pan-Thy-Monium- Untitled 6 : Metal,https://www.youtube.com/watch?v=X-JjH6CzkwY
25,-1,New Releases This Week - 5/16 - 5/22 : Metal,http://www.reddit.com/r/Metal/comments/365txq/new_releases_this_week_516_522/
25,3,"[The Resistance] [Not Blacklist Spam] Judas Iscariot - His Eternal Life, Like A Dream Was Obliterated : Metal",https://www.youtube.com/watch?v=BQu7VARtxT0
24,0,[SATAN SVNDAY]Sargeist - Twilight Breath of Satan : Metal,https://www.youtube.com/watch?v=Y2NG19hq1vQ
24,3,Deathspell Omega - Phosphene [Progressive black] : Metal,http://www.youtube.com/watch?v=uN_i4p2T1GA
24,0,Archgoat - Day Of Clouds [Finland] [Bestial Black Metal] : Metal,https://youtu.be/Mxa-nbOUCAw
24,-1,New Releases This Week - 6/2 - 6/26 : Metal,http://www.reddit.com/r/Metal/comments/3aifun/new_releases_this_week_62_626/
24,-1,Black metal bands as 'heavy' as Gorgoroth? : BlackMetal,http://www.reddit.com/r/BlackMetal/comments/38y066/black_metal_bands_as_heavy_as_gorgoroth/
24,2,Urfaust - Skogens Hatefulle Skapning (Ildjarn cover) (Kvlt as fuck goddamn) : BlackMetal,https://www.youtube.com/watch?v=POiZPhyIv9g
24,0,Behexen - Beyond the Shadow of My Lord : BlackMetal,http://dmp666.bandcamp.com/track/behexen-beyond-the-shadow-of-my-lord
24,8,Thantifaxath - Freedom Is Depression : BlackMetal,https://www.youtube.com/watch?v=hX_DuE-DtIY
24,0,Mutilation Rites - Realms of Dementia : BlackMetal,http://mutilationrites.bandcamp.com/track/realms-of-dementia
24,3,Rotting Christ - Exiled Archangels : Metal,https://www.youtube.com/watch?v=F55-4TqiSv0
24,12,██████ - I : BlackMetal,https://www.youtube.com/watch?feature=player_embedded&v=Uap0I9Mo2sY
24,3,"Shining - ""Låt oss ta Allt Från Varandra"" [V: Halmstad, 2007] : Metal",https://www.youtube.com/watch?v=175j5WLUnFQ&hd1
23,0,The Chasm - Entering a Superior Dimension : Metal,https://www.youtube.com/watch?v=c43fj53duJU
23,3,Lunar Aurora - Im Gartn [Atmospheric Black Metal] : Metal,https://youtu.be/kTf5BIV2IMM
23,9,Knelt Rote - Constituent Of Oblivion : BlackMetal,https://m.youtube.com/watch?v=HE_BZ7blfYQ
23,3,Kalmankantaja - Yön Alttarilla [Depressive Black] : Metal,https://www.youtube.com/watch?v=um7O4E-YErE
23,18,Woods Of Ypres - A Meeting Place And Time : BlackMetal,https://www.youtube.com/watch?v=oDUdb3MN5C0
23,23,"Jute Gyte's new microtonal black metal album is out. ""Ship Of Theseus"" now available as name-your-price download from his Bandcamp. Here's the first song, ""Lugubrious Games (Sans Frontières)"". : BlackMetal",http://jutegyte.bandcamp.com/track/lugubrious-games-sans-fronti-res
23,-1,New Releases This Week - 5/23 - 5/29 : Metal,http://www.reddit.com/r/Metal/comments/36zu1c/new_releases_this_week_523_529/
23,9,Peste Noire - Phalènes Et Pestilence [Melodic Black] : Metal,http://www.youtube.com/watch?v=fbQqIVDJs9U
23,4,[Post BM/Atmospheric BM] Altar of Plagues - Through the Collapse: Gentian Truth : Metal,https://www.youtube.com/watch?v=e3mKYcPXMfk
23,10,Gris - Cicatrice (France) [2007] : BlackMetal,http://m.youtube.com/watch?v=yUZTGCjYdNA
22,-1,New Releases This Week - 4/25 - 5/1 : Metal,http://www.reddit.com/r/Metal/comments/33t73o/new_releases_this_week_425_51/
22,8,Vemod - Ikledd evighetens kappe : BlackMetal,https://www.youtube.com/watch?v=xjXRMAOnc7M
21,7,Fallout Meets Metal : Metal,https://www.youtube.com/watch?v=-RS5VJPJD6Q
21,-1,Why doesn't anyone listen to Misanthropic Art? : BlackMetal,http://www.reddit.com/r/BlackMetal/comments/397cd3/why_doesnt_anyone_listen_to_misanthropic_art/
21,2,Rhinocervs - Devour All The Living Things : BlackMetal,https://www.youtube.com/watch?v=20diBSbwvcY
21,2,"Visigoth - ""Blood Sacrifice"" : Metal",https://www.youtube.com/attribution_link?a=cIWJuWmVIb8&u=%2Fwatch%3Fv%3DkvMGT4wZ1N0%26feature%3Dshare
21,1,"October Falls - A Collapse of Faith, Part I : BlackMetal",https://www.youtube.com/watch?v=HZ9SEpzy0J4
20,6,[Black Metal] Grand Belial's Key - Hobo Of Aramaic Tongues : Metal,https://www.youtube.com/watch?v=ql-qqThaiwI
19,8,Bölzer - Seducer of Hearts : BlackMetal,https://www.youtube.com/watch?v=JBvFYZPcU_g
19,9,Vattnet Viskar - Impact. This song fucking RIPS!! : Metal,http://www.visions.de/news/22890/VISIONS-Premiere-Vattnet-Viskar-zeigen-neuen-Clip-zu-Impact
19,1,Thy Light - Wanderer of Solitude : BlackMetal,https://www.youtube.com/watch?v=99dMHG3mC_Q
19,7,Judas Iscariot - An Eternal Kingdom of Fire : Metal,https://www.youtube.com/watch?v=yT-jonuW0Xs
19,4,Winterfylleth - Whisper of the Elements [Atmospheric Black Metal] : Metal,http://youtu.be/M0Hi6g98JXg
18,2,October Falls - The Verge Of Oblivion : BlackMetal,http://dmp666.bandcamp.com/track/the-verge-of-oblivion
18,2,"Blaze of Perdition - 'Królestwo Niczyje' (Poland, 2015, FFO: Svartidauði, Ondskapt) : Metal",https://blazeofperdition.bandcamp.com/track/kr-lestwo-niczyje
18,2,Funeral Mist - Blessed Curse (Sweden) [2009] : BlackMetal,http://m.youtube.com/watch?v=oXktYKl_hhM
18,-1,Black Metal to study to? : BlackMetal,http://www.reddit.com/r/BlackMetal/comments/32frtv/black_metal_to_study_to/
17,-1,New Releases This Week - 7/25 - 7/31 : Metal,http://www.reddit.com/r/Metal/comments/3ekd0c/new_releases_this_week_725_731/
17,1,Xothist - V : BlackMetal,https://www.youtube.com/watch?v=gWgveYS5gLU
17,1,Abyssic Hate - Bloodletting : BlackMetal,https://www.youtube.com/watch?v=YQxD5hYsRNc
16,0,Forgotten Tomb - Springtime Depression : dsbm,https://www.youtube.com/watch?v=UBiJMblhFeA
15,-1,Help getting caught up with black metal after being out of touch for a few years : BlackMetal,http://www.reddit.com/r/BlackMetal/comments/387q9n/help_getting_caught_up_with_black_metal_after/
14,3,Woman is the Earth - Child of Sky [Atmospheric Black Metal] : Metal,http://womanistheearth.bandcamp.com/track/child-of-sky
14,7,[Black] NEW (2015) Gorgoroth song: Ad Omnipotens Aeterne : Metal,http://www.metalinjection.net/av/gorgoroths-first-new-song-in-six-years-is-an-absolute-crusher
13,2,"[Prog] Evergrey - ""Black undertow"" : Metal",https://www.youtube.com/watch?v=58TaaVuH_ME
13,1,Nocturnal Depression - Dead Children : BlackMetal,https://www.youtube.com/watch?v=gxdFgjgp018
13,2,Adduara ~ City Lights (In Still Dark Forenoon Silence) : BlackMetal,http://youtu.be/cUvVYriYum0
13,1,"Shining - IX Everyone, Everything, Everywhere, Ends ALBUM STREAM : dsbm",http://www.closeupmagazine.net/shining3.php
13,36,New Vatnett Viskar album art revealed. It's absolutely terrible. : Metal,http://www.centurymedia.com/newsdetailed.aspx?IdNews=15833&IdCompany=3
12,-1,Black Metal,https://artofpropaganda.bandcamp.com/track/kvlt
11,-1,Black Metal,https://www.youtube.com/watch?v=9v30uLRZYLQ
11,6,"Earth and Pillars - Rivers [Atmospheric Black Metal, Italy, FFO: Sun Worship, Akhlys, Mare Cognitum] : Metal",https://www.youtube.com/watch?v=Z8KJ5wzcOYQ
11,-1,Sci-Fi themed BM? : BlackMetal,http://www.reddit.com/r/BlackMetal/comments/34hcik/scifi_themed_bm/
9,-1,Recommendations on raw and complex BM : BlackMetal,http://www.reddit.com/r/BlackMetal/comments/2eg2vo/recommendations_on_raw_and_complex_bm/
9,-1,"I'm a bit late to the party, but is Deathspell Omega done? Do you guys think there will be another album? : BlackMetal",http://www.reddit.com/r/BlackMetal/comments/32jt7i/im_a_bit_late_to_the_party_but_is_deathspell/
7,-1,"Can We Get A List of ""Third Wave Black Metal""? : Metal",http://www.reddit.com/r/Metal/comments/107gb3/can_we_get_a_list_of_third_wave_black_metal/
5,2,Aosoth - Aura of Pills (Part II). Lots of thrash and punk influence on this track. : Metal,https://www.youtube.com/watch?v=qv_m6r4uqpo
5,-1,DSBM,http://youtu.be/MSGYNPysE90
4,-1,overview for tobeornotobe,https://www.youtube.com/watch?v=HiGmL8YB_1U
3,-1,Black Metal,https://m.youtube.com/watch?v=B_lPDhzlpvU
-1,-1,Download Firefox — Free Web Browser — Mozilla,
-1,-1,NO CLEAN SINGING »   A FIRST GLIMPSE OF PANOPTICON’S NEW ALBUM:  “AUTUMN ETERNAL”,
-1,-1,newest submissions : Metal,
-1,-1,overview for 1b59d9bd844d438daed1,
-1,-1,A Furrow Cut Short | Drudkh,
-1,-1,Black Metal,
-1,-1,Darkened Nocturn Slaughtercult - Encyclopaedia Metallum: The Metal Archives,
-1,-1,Sargeist - Encyclopaedia Metallum: The Metal Archives,
-1,-1,The Pythoness | Snakefeast,
-1,-1,The Chasm - Encyclopaedia Metallum: The Metal Archives,
-1,-1,Hypothermia - Gråtoner - Encyclopaedia Metallum: The Metal Archives,
-1,-1,Aosoth - IV: An Arrow in Heart - Encyclopaedia Metallum: The Metal Archives,
-1,-1,From The Dead Villages' Darkness | Sivyj Yar,
-1,-1,Blut aus Nord - Encyclopaedia Metallum: The Metal Archives,
-1,-1,Ifing - Encyclopaedia Metallum: The Metal Archives,
-1,-1,Forgotten Tomb - Encyclopaedia Metallum: The Metal Archives,
-1,-1,Menace Ruine - Encyclopaedia Metallum: The Metal Archives,
-1,-1,Wolves In The Throne Room,
-1,-1,Sulphur Aeon - Swallowed by the Ocean's Tide - Encyclopaedia Metallum: The Metal Archives,
-1,-1,孤雁 Gu Yan | Pest Productions,
-1,-1,Demo | Pest Productions,
-1,-1,Art Of Propaganda,
-1,-1,Tills döden skiljer oss åt | Art Of Propaganda,
-1,-1,Music | Art Of Propaganda,
-1,-1,Aokigahara | Art Of Propaganda,
-1,-1,Of A Dying Star | Tomhet,
-1,-1,No Morrow Shall Dawn | Pest Productions,
-1,-1,Solens vemod | Nasheim,
-1,-1,Tag post black metal | Bandcamp,
-1,-1,Revisionist | Sannhet,
-1,-1,Grand Belial's Key - Encyclopaedia Metallum: The Metal Archives,
-1,-1,V - Halmstad | Osmose Productions,
-1,-1,Konkurs | Lifelover,
-1,-1,Is - Encyclopaedia Metallum: The Metal Archives,
